config,subject,ratio,n_aug,accuracy,f1,auc
GAN_009_fm50_postnet1_stack0,2,0.1,23,0.96242774566474,0.8888888888888888,0.9831776819923372
GAN_009_fm50_postnet1_stack0,2,0.2,46,0.96242774566474,0.8907563025210085,0.982698754789272
GAN_009_fm50_postnet1_stack0,2,0.3,69,0.9566473988439308,0.8739495798319328,0.9797054597701148
GAN_009_fm50_postnet1_stack0,2,0.4,92,0.9710982658959536,0.912280701754386,0.9800646551724136
GAN_009_fm50_postnet1_stack0,2,0.5,115,0.953757225433526,0.8688524590163934,0.9791666666666666
GAN_009_fm50_postnet1_stack0,3,0.1,23,0.8439306358381503,0.6029411764705882,0.9069085249042144
GAN_009_fm50_postnet1_stack0,3,0.2,46,0.8815028901734104,0.6821705426356589,0.9124760536398469
GAN_009_fm50_postnet1_stack0,3,0.3,69,0.869942196531792,0.6341463414634146,0.9043941570881224
GAN_009_fm50_postnet1_stack0,3,0.4,92,0.8410404624277457,0.6308724832214765,0.9072677203065134
GAN_009_fm50_postnet1_stack0,3,0.5,115,0.8439306358381503,0.5909090909090909,0.8942169540229885
GAN_009_fm50_postnet1_stack0,4,0.1,23,0.9132947976878611,0.7222222222222222,0.956477490421456
GAN_009_fm50_postnet1_stack0,4,0.2,46,0.8786127167630058,0.7083333333333334,0.9533045977011494
GAN_009_fm50_postnet1_stack0,4,0.3,69,0.884393063583815,0.7183098591549296,0.95102969348659
GAN_009_fm50_postnet1_stack0,4,0.4,92,0.916184971098266,0.7716535433070866,0.9458812260536398
GAN_009_fm50_postnet1_stack0,4,0.5,115,0.9190751445086706,0.7543859649122807,0.9533644636015326
GAN_009_fm50_postnet1_stack0,5,0.1,23,0.9364161849710982,0.819672131147541,0.9626436781609196
GAN_009_fm50_postnet1_stack0,5,0.2,46,0.916184971098266,0.7716535433070866,0.9642001915708812
GAN_009_fm50_postnet1_stack0,5,0.3,69,0.9277456647398844,0.8031496062992126,0.9674329501915708
GAN_009_fm50_postnet1_stack0,5,0.4,92,0.9017341040462428,0.7571428571428571,0.9707854406130269
GAN_009_fm50_postnet1_stack0,5,0.5,115,0.930635838150289,0.8032786885245902,0.9735392720306514
GAN_009_fm50_postnet1_stack0,6,0.1,23,0.8294797687861272,0.6380368098159509,0.9257064176245212
GAN_009_fm50_postnet1_stack0,6,0.2,46,0.9046242774566474,0.736,0.9230124521072798
GAN_009_fm50_postnet1_stack0,6,0.3,69,0.916184971098266,0.7563025210084033,0.9204382183908046
GAN_009_fm50_postnet1_stack0,6,0.4,92,0.8988439306358381,0.72,0.9171455938697318
GAN_009_fm50_postnet1_stack0,6,0.5,115,0.884393063583815,0.6875,0.924808429118774
GAN_009_fm50_postnet1_stack0,7,0.1,23,0.838150289017341,0.6455696202531646,0.9292983716475096
GAN_009_fm50_postnet1_stack0,7,0.2,46,0.8352601156069365,0.6369426751592356,0.9192409003831418
GAN_009_fm50_postnet1_stack0,7,0.3,69,0.8757225433526011,0.6766917293233082,0.9225335249042146
GAN_009_fm50_postnet1_stack0,7,0.4,92,0.8439306358381503,0.6493506493506493,0.9196599616858238
GAN_009_fm50_postnet1_stack0,7,0.5,115,0.8583815028901735,0.6573426573426573,0.9266044061302682
GAN_009_fm50_postnet1_stack0,8,0.1,23,0.8265895953757225,0.6,0.8857758620689655
GAN_009_fm50_postnet1_stack0,8,0.2,46,0.8497109826589595,0.6231884057971014,0.8816451149425287
GAN_009_fm50_postnet1_stack0,8,0.3,69,0.8757225433526011,0.6504065040650406,0.8964319923371648
GAN_009_fm50_postnet1_stack0,8,0.4,92,0.8497109826589595,0.6285714285714286,0.8865541187739464
GAN_009_fm50_postnet1_stack0,8,0.5,115,0.869942196531792,0.6616541353383458,0.8929597701149425
GAN_009_fm50_postnet1_stack0,9,0.1,23,0.9190751445086706,0.7741935483870968,0.9697677203065136
GAN_009_fm50_postnet1_stack0,9,0.2,46,0.907514450867052,0.7575757575757576,0.9680914750957854
GAN_009_fm50_postnet1_stack0,9,0.3,69,0.9017341040462428,0.7424242424242424,0.95731561302682
GAN_009_fm50_postnet1_stack0,9,0.4,92,0.9277456647398844,0.7899159663865546,0.9715636973180076
GAN_009_fm50_postnet1_stack0,9,0.5,115,0.9450867052023122,0.8347826086956521,0.9728807471264368
GAN_009_fm50_postnet1_stack0,10,0.1,23,0.9190751445086706,0.7846153846153846,0.9718630268199234
GAN_009_fm50_postnet1_stack0,10,0.2,46,0.9364161849710982,0.8225806451612904,0.9734794061302683
GAN_009_fm50_postnet1_stack0,10,0.3,69,0.930635838150289,0.8064516129032258,0.9699473180076628
GAN_009_fm50_postnet1_stack0,10,0.4,92,0.9190751445086706,0.7846153846153846,0.9732399425287357
GAN_009_fm50_postnet1_stack0,10,0.5,115,0.9104046242774566,0.7669172932330827,0.9716235632183908
eeg_gan_vanilla_full,1,0.1,23,0.8901734104046243,0.7323943661971831,0.9562978927203064
eeg_gan_vanilla_full,1,0.2,46,0.8872832369942196,0.723404255319149,0.9600694444444444
eeg_gan_vanilla_full,1,0.3,69,0.9104046242774566,0.7559055118110236,0.9580340038314176
eeg_gan_vanilla_full,1,0.4,92,0.884393063583815,0.7058823529411765,0.9503711685823756
eeg_gan_vanilla_full,1,0.5,115,0.8786127167630058,0.7123287671232876,0.9566570881226052
eeg_gan_vanilla_full,2,0.1,23,0.9508670520231214,0.864,0.9854525862068966
eeg_gan_vanilla_full,2,0.2,46,0.9508670520231214,0.8495575221238938,0.9813218390804598
eeg_gan_vanilla_full,2,0.3,69,0.9508670520231214,0.8617886178861789,0.9806633141762452
eeg_gan_vanilla_full,2,0.4,92,0.9450867052023122,0.8376068376068376,0.977610153256705
eeg_gan_vanilla_full,2,0.5,115,0.953757225433526,0.864406779661017,0.9822198275862069
eeg_gan_vanilla_full,3,0.1,23,0.884393063583815,0.6491228070175439,0.9055316091954022
eeg_gan_vanilla_full,3,0.2,46,0.8815028901734104,0.6611570247933884,0.9038553639846744
eeg_gan_vanilla_full,3,0.3,69,0.846820809248555,0.6131386861313869,0.9037954980842912
eeg_gan_vanilla_full,3,0.4,92,0.8497109826589595,0.6285714285714286,0.9013409961685824
eeg_gan_vanilla_full,3,0.5,115,0.8670520231213873,0.6461538461538462,0.8996048850574712
eeg_gan_vanilla_full,4,0.1,23,0.8757225433526011,0.6993006993006993,0.9579142720306514
eeg_gan_vanilla_full,4,0.2,46,0.8815028901734104,0.7132867132867133,0.9588721264367815
eeg_gan_vanilla_full,4,0.3,69,0.2023121387283237,0.2959183673469387,0.9574652777777778
eeg_gan_vanilla_full,4,0.4,92,0.907514450867052,0.7333333333333333,0.9530651340996168
eeg_gan_vanilla_full,4,0.5,115,0.9132947976878611,0.6666666666666666,0.962763409961686
eeg_gan_vanilla_full,5,0.1,23,0.9393063583815028,0.8205128205128205,0.9688697318007664
eeg_gan_vanilla_full,5,0.2,46,0.9393063583815028,0.8205128205128205,0.9690493295019158
eeg_gan_vanilla_full,5,0.3,69,0.9364161849710982,0.8166666666666667,0.9727011494252874
eeg_gan_vanilla_full,5,0.4,92,0.8988439306358381,0.7552447552447552,0.9694085249042144
eeg_gan_vanilla_full,5,0.5,115,0.9479768786127168,0.8421052631578947,0.971743295019157
eeg_gan_vanilla_full,6,0.1,23,0.8323699421965318,0.6375,0.9106202107279694
eeg_gan_vanilla_full,6,0.2,46,0.7716763005780347,0.56353591160221,0.907507183908046
eeg_gan_vanilla_full,6,0.3,69,0.884393063583815,0.6923076923076923,0.9086446360153256
eeg_gan_vanilla_full,6,0.4,92,0.8757225433526011,0.6717557251908397,0.9038553639846744
eeg_gan_vanilla_full,6,0.5,115,0.8930635838150289,0.7131782945736435,0.9117576628352492
eeg_gan_vanilla_full,7,0.1,23,0.8583815028901735,0.6666666666666666,0.9224736590038314
eeg_gan_vanilla_full,7,0.2,46,0.815028901734104,0.6049382716049383,0.9200790229885056
eeg_gan_vanilla_full,7,0.3,69,0.8526011560693642,0.6577181208053692,0.922713122605364
eeg_gan_vanilla_full,7,0.4,92,0.9017341040462428,0.7301587301587301,0.9191810344827586
eeg_gan_vanilla_full,7,0.5,115,0.869942196531792,0.6762589928057554,0.9255866858237548
eeg_gan_vanilla_full,8,0.1,23,0.8121387283236994,0.5859872611464968,0.8924808429118773
eeg_gan_vanilla_full,8,0.2,46,0.8786127167630058,0.6612903225806451,0.8880507662835249
eeg_gan_vanilla_full,8,0.3,69,0.8757225433526011,0.6666666666666666,0.9006226053639848
eeg_gan_vanilla_full,8,0.4,92,0.8757225433526011,0.6614173228346457,0.8915229885057472
eeg_gan_vanilla_full,8,0.5,115,0.8930635838150289,0.6991869918699187,0.9006824712643678
eeg_gan_vanilla_full,9,0.1,23,0.9190751445086706,0.7846153846153846,0.9710249042145592
eeg_gan_vanilla_full,9,0.2,46,0.9393063583815028,0.8264462809917356,0.9702466475095786
eeg_gan_vanilla_full,9,0.3,69,0.9219653179190752,0.7874015748031497,0.957734674329502
eeg_gan_vanilla_full,9,0.4,92,0.9364161849710982,0.819672131147541,0.9609075670498084
eeg_gan_vanilla_full,9,0.5,115,0.9508670520231214,0.859504132231405,0.9752753831417624
eeg_gan_vanilla_full,10,0.1,23,0.8930635838150289,0.7375886524822695,0.9718031609195403
eeg_gan_vanilla_full,10,0.2,46,0.8786127167630058,0.7123287671232876,0.9676125478927202
eeg_gan_vanilla_full,10,0.3,69,0.8872832369942196,0.7272727272727273,0.9653376436781609
eeg_gan_vanilla_full,10,0.4,92,0.9566473988439307,0.8648648648648649,0.9717432950191571
eeg_gan_vanilla_full,10,0.5,115,0.9595375722543352,0.875,0.9749760536398467
none,1,0.0,0,0.9046242774566474,0.7441860465116279,0.9576149425287356
none,2,0.0,0,0.953757225433526,0.8666666666666667,0.9815613026819924
none,3,0.0,0,0.7976878612716763,0.573170731707317,0.9076269157088124
none,4,0.0,0,0.8815028901734104,0.7132867132867133,0.955699233716475
none,5,0.0,0,0.9104046242774566,0.7669172932330827,0.9642600574712644
none,6,0.0,0,0.8930635838150289,0.7131782945736435,0.9306154214559388
none,7,0.0,0,0.8497109826589595,0.6578947368421053,0.9316331417624522
none,8,0.0,0,0.8988439306358381,0.6956521739130435,0.8937380268199233
none,9,0.0,0,0.9219653179190752,0.7938931297709924,0.9744971264367815
none,10,0.0,0,0.8757225433526011,0.7152317880794702,0.9709051724137931
tts_gan_baseline,2,0.1,23,0.9219653179190752,0.7906976744186046,0.9701269157088122
tts_gan_baseline,2,0.2,46,0.9450867052023122,0.8118811881188119,0.96665469348659
tts_gan_baseline,2,0.3,69,0.9364161849710982,0.8070175438596491,0.9718031609195402
tts_gan_baseline,2,0.4,92,0.9364161849710982,0.8035714285714286,0.9644995210727968
tts_gan_baseline,2,0.5,115,0.9364161849710982,0.819672131147541,0.9680316091954022
tts_gan_baseline,3,0.1,23,0.8786127167630058,0.6037735849056604,0.8924808429118773
tts_gan_baseline,3,0.2,46,0.861271676300578,0.6521739130434783,0.9040349616858238
tts_gan_baseline,3,0.3,69,0.8439306358381503,0.6142857142857143,0.9010416666666666
tts_gan_baseline,3,0.4,92,0.7716763005780347,0.572972972972973,0.9096623563218392
tts_gan_baseline,3,0.5,115,0.8641618497109826,0.6178861788617886,0.9029573754789272
tts_gan_baseline,4,0.1,23,0.9335260115606936,0.7964601769911505,0.95731561302682
tts_gan_baseline,4,0.2,46,0.884393063583815,0.7101449275362319,0.9528256704980844
tts_gan_baseline,4,0.3,69,0.5086705202312138,0.4014084507042254,0.9461805555555556
tts_gan_baseline,4,0.4,92,0.907514450867052,0.6190476190476191,0.9570761494252872
tts_gan_baseline,4,0.5,115,0.9219653179190752,0.7692307692307693,0.956477490421456
tts_gan_baseline,5,0.1,23,0.9190751445086706,0.7878787878787878,0.9677921455938698
tts_gan_baseline,5,0.2,46,0.9364161849710982,0.8103448275862069,0.9720426245210728
tts_gan_baseline,5,0.3,69,0.9450867052023122,0.819047619047619,0.9732998084291188
tts_gan_baseline,5,0.4,92,0.930635838150289,0.8064516129032258,0.9685105363984674
tts_gan_baseline,5,0.5,115,0.9277456647398844,0.7474747474747475,0.9760536398467432
tts_gan_baseline,6,0.1,23,0.8439306358381503,0.6625,0.9355842911877394
tts_gan_baseline,6,0.2,46,0.9046242774566474,0.6915887850467289,0.9314535440613028
tts_gan_baseline,6,0.3,69,0.884393063583815,0.6875,0.9195402298850576
tts_gan_baseline,6,0.4,92,0.7052023121387283,0.5142857142857142,0.8987068965517242
tts_gan_baseline,6,0.5,115,0.9104046242774566,0.7304347826086957,0.9276221264367815
tts_gan_baseline,7,0.1,23,0.8554913294797688,0.6710526315789473,0.9297174329501916
tts_gan_baseline,7,0.2,46,0.8930635838150289,0.7131782945736435,0.9188218390804598
tts_gan_baseline,7,0.3,69,0.8872832369942196,0.7194244604316546,0.925227490421456
tts_gan_baseline,7,0.4,92,0.6994219653179191,0.5094339622641509,0.9221144636015324
tts_gan_baseline,7,0.5,115,0.869942196531792,0.6808510638297872,0.932052203065134
tts_gan_baseline,8,0.1,23,0.791907514450867,0.5555555555555556,0.8972701149425287
tts_gan_baseline,8,0.2,46,0.861271676300578,0.6190476190476191,0.8934985632183907
tts_gan_baseline,8,0.3,69,0.8670520231213873,0.6349206349206349,0.8935584291187739
tts_gan_baseline,8,0.4,92,0.861271676300578,0.6190476190476191,0.891044061302682
tts_gan_baseline,8,0.5,115,0.9017341040462428,0.6851851851851852,0.8865541187739464
tts_gan_baseline,9,0.1,23,0.930635838150289,0.8125,0.9691091954022988
tts_gan_baseline,9,0.2,46,0.9190751445086706,0.7846153846153846,0.97084530651341
tts_gan_baseline,9,0.3,69,0.9248554913294798,0.7936507936507936,0.9734195402298852
tts_gan_baseline,9,0.4,92,0.9421965317919077,0.8305084745762712,0.9715038314176244
tts_gan_baseline,9,0.5,115,0.8497109826589595,0.6708860759493671,0.9679717432950192
tts_gan_baseline,10,0.1,23,0.9132947976878613,0.6666666666666666,0.9640205938697319
tts_gan_baseline,10,0.2,46,0.8901734104046243,0.5128205128205128,0.9592313218390806
tts_gan_baseline,10,0.3,69,0.9450867052023122,0.8155339805825242,0.9606681034482758
tts_gan_baseline,10,0.4,92,0.9190751445086706,0.7586206896551724,0.9504310344827586
tts_gan_baseline,10,0.5,115,0.9277456647398844,0.7933884297520661,0.9569564176245211
